head,program,marginal,mean_pct
"(11, 2)",L10H8,117.0718165119027,118.4862882560436
