run,k,increase,label,reason,hellaswag_acc
8.0,41,-10.026851892198312,run8_k41,best,0.33
7.0,39,-9.396422120494677,run7_k39,best,0.33
6.0,37,-10.920099380724617,run6_k37,best,0.32
11.0,1,-0.1522828427566182,run11_k1,worst,0.32
17.0,26,-9.430230002488685,run17_k26,best,0.31
18.0,15,-8.096985005820631,run18_k15,best,0.31
,0,0.0,baseline,baseline,0.31
