head,program,marginal,mean_pct
"(11, 2)",L10H8,125.68981005573602,131.43477158053514
