head,program,marginal,mean_pct
"(11, 2)",L10H8,130.70595586183816,137.93699454072038
