head,program,marginal,mean_pct
"(11, 2)",L10H8,136.24976702002184,149.0387544954594
