head,program,marginal,mean_pct
"(11, 2)",L10H8,118.46013046195559,120.56043862219917
