head,program,marginal,mean_pct
"(11, 2)",L10H8,124.72991021318816,130.7390650648767
