head,program,marginal,mean_pct
"(11, 2)",L10H8,123.66461306376833,127.83906638518822
