head,program,marginal,mean_pct
"(11, 2)",L10H8,113.46757502607832,115.12867223011986
