head,program,marginal,mean_pct
"(11, 2)",L10H8,152.36672357573076,170.30388831944853
